id,github_id,name,user_id,user_name,website,stars,descripition
,,checkstyle,,checkstyle,https://github.com/checkstyle/checkstyle,,
2,963,examples,476,zacheryph,https://github.com/zacheryph/examples,5,NULL
3,1615,weshowthemoney-com,1446,maborg,https://github.com/maborg/weshowthemoney-com,3,NULL
4,2009,majocontrol,813,Imbrondir,https://github.com/Imbrondir/majocontrol,2,NULL
5,2478,rackinterfacefilter,2185,booleanman,https://github.com/booleanman/rackinterfacefilter,6,NULL
6,2019,warbler,55687,jruby,https://github.com/jruby/warbler,793,NULL
7,2490,j2me-oauth,2094,simonpk,https://github.com/simonpk/j2me-oauth,29,NULL
8,191,yaws,1,mojombo,https://github.com/mojombo/yaws,39,NULL
9,192,yaws,36,KirinDave,https://github.com/KirinDave/yaws,7,NULL
10,2103,nostromo,1948,railsbros-dirk,https://github.com/railsbros-dirk/nostromo,3,NULL
11,2531,fireeagle-updater-midlet,2094,simonpk,https://github.com/simonpk/fireeagle-updater-midlet,14,NULL
12,2147,jquoteticker,1534,easytiger,https://github.com/easytiger/jquoteticker,3,NULL
13,625,wordcram,311,lypanov,https://github.com/lypanov/wordcram,3,NULL
14,2995,nostromo,2548,galaxycats,https://github.com/galaxycats/nostromo,2,NULL
15,1904,java-memcached-client,1779,dustin,https://github.com/dustin/java-memcached-client,456,NULL
16,1482,cosmo,1113,travis,https://github.com/travis/cosmo,8,NULL
17,2758,webvo,2362,disnet,https://github.com/disnet/webvo,4,NULL
18,5198,halcyon,3703,bsimpson,https://github.com/bsimpson/halcyon,3,NULL
19,5708,logging-datastore,2394,timshadel,https://github.com/timshadel/logging-datastore,3,NULL
20,4857,hivedb,1259,britt,https://github.com/britt/hivedb,46,NULL
21,4865,powerset_thrift,36,KirinDave,https://github.com/KirinDave/powerset_thrift,3,NULL
22,4867,hivedb-blobject,1259,britt,https://github.com/britt/hivedb-blobject,6,NULL
23,4502,wicket-contrib-groovy,3414,astubbs,https://github.com/astubbs/wicket-contrib-groovy,4,NULL
24,4506,django-servlet,1412,tristan,https://github.com/tristan/django-servlet,4,NULL
25,5266,activerecord-jdbc-adapter,55687,jruby,https://github.com/jruby/activerecord-jdbc-adapter,422,NULL
26,3998,examples,1056,ludwig,https://github.com/ludwig/examples,9,NULL
27,6396,nonblocking,743,LukeHoersten,https://github.com/LukeHoersten/nonblocking,2,NULL
28,5848,old-thrift,4121,dreiss,https://github.com/dreiss/old-thrift,71,NULL
29,4976,nbgit,755,myabc,https://github.com/myabc/nbgit,190,NULL
30,4055,collapsing-puzzle,287,mudge,https://github.com/mudge/collapsing-puzzle,4,NULL
31,7120,twitterdroid,4612,fbrunel,https://github.com/fbrunel/twitterdroid,84,NULL
32,6694,vying,4764,eki,https://github.com/eki/vying,27,NULL
33,7169,jboss-rules-presentation-may-2007,2394,timshadel,https://github.com/timshadel/jboss-rules-presentation-may-2007,3,NULL
34,5614,thrift,4026,wmorgan,https://github.com/wmorgan/thrift,5,NULL
35,7915,jbidwatcher,5918,cyberfox,https://github.com/cyberfox/jbidwatcher,129,NULL
36,7444,webvo,5523,hopkinsd,https://github.com/hopkinsd/webvo,3,NULL
37,7940,laszlo_post_api,4,wycats,https://github.com/wycats/laszlo_post_api,5,NULL
38,7275,java-digg,1779,dustin,https://github.com/dustin/java-digg,3,NULL
39,7945,laszlo_post_api,5641,mcarlson,https://github.com/mcarlson/laszlo_post_api,4,NULL
40,7277,yoursway-sadr,5364,andreyvit,https://github.com/andreyvit/yoursway-sadr,3,NULL
41,7280,diggwatch,1779,dustin,https://github.com/dustin/diggwatch,4,NULL
42,7283,spyjar,1779,dustin,https://github.com/dustin/spyjar,7,NULL
43,8987,xxpub,6831,nofxx,https://github.com/nofxx/xxpub,3,NULL
44,8016,gitidea,2175,Fudge,https://github.com/Fudge/gitidea,17,NULL
45,9092,nbmerb,755,myabc,https://github.com/myabc/nbmerb,5,NULL
46,9111,rainbow,6927,conanite,https://github.com/conanite/rainbow,47,NULL
47,8121,toobs,428,parabuzzle,https://github.com/parabuzzle/toobs,5,NULL
48,9580,siroc,484,mreid,https://github.com/mreid/siroc,2,NULL
49,9998,gas,7421,kuro,https://github.com/kuro/gas,3,NULL
50,8699,halcyon,71,uggedal,https://github.com/uggedal/halcyon,2,NULL
51,10477,monkeytest,5828,gingerhendrix,https://github.com/gingerhendrix/monkeytest,5,NULL
52,8754,lipsiadmin,6537,DAddYE,https://github.com/DAddYE/lipsiadmin,109,NULL
53,10130,familytree,7400,dalen,https://github.com/dalen/familytree,3,NULL
54,10185,geovex,484,mreid,https://github.com/mreid/geovex,3,NULL
55,9801,familytree,7324,roes,https://github.com/roes/familytree,5,NULL
56,9370,ruby-processing,4732,jashkenas,https://github.com/jashkenas/ruby-processing,1243,NULL
57,9392,twikkir,1581,keibro,https://github.com/keibro/twikkir,4,NULL
58,9868,liaison,1633,bjc,https://github.com/bjc/liaison,6,NULL
59,12727,gunit,1659,rictic,https://github.com/rictic/gunit,3,NULL
